{"stats":{"minecraft:picked_up":{"minecraft:red_nether_bricks":1,"minecraft:debug_stick":1,"minecraft:polished_andesite_stairs":2,"minecraft:stick":2,"minecraft:red_shulker_box":2,"minecraft:andesite":2,"minecraft:polished_basalt":3,"minecraft:structure_void":1,"ultracraft:portal":3,"ultracraft:terminal":9,"minecraft:red_nether_brick_slab":1},"minecraft:custom":{"minecraft:time_since_rest":457,"minecraft:crouch_one_cm":21644,"minecraft:play_time":77470,"minecraft:sprint_one_cm":11714,"minecraft:deaths":45,"minecraft:walk_one_cm":224532,"minecraft:sneak_time":5988,"minecraft:slide":2170,"minecraft:jump":174,"minecraft:leave_game":7,"minecraft:time_since_death":431,"minecraft:slam":32,"minecraft:total_world_time":77764,"minecraft:dash":35,"minecraft:fly_one_cm":103333},"minecraft:used":{"minecraft:red_shulker_box":11,"minecraft:debug_stick":23,"ultracraft:portal":3,"minecraft:red_nether_brick_slab":27,"minecraft:polished_andesite_stairs":17,"minecraft:barrier":94,"minecraft:red_nether_bricks":6,"minecraft:andesite":3,"minecraft:gold_block":5,"minecraft:polished_basalt":17,"ultracraft:terminal":4,"ultracraft:darkness":12,"minecraft:cobbled_deepslate":8,"minecraft:structure_void":7,"minecraft:red_nether_brick_stairs":4,"visiblebarriers:moving_piston":10,"visiblebarriers:cave_air":92}},"DataVersion":3465}